CD,Incumbent,Party,Clinton,Trump,2016Winner,IncumbentRunning
AK-AL,"Young, Don",R,37.64,52.81,Romney,Y
AL-01,"Byrne, Bradley",R,34.06,63.48,Romney,Y
AL-02,"Roby, Martha",R,33.01,64.94,Romney,Y
AL-03,"Rogers, Mike",R,32.31,65.27,Romney,Y
AL-04,"Aderholt, Rob",R,17.45,8.37,Romney,Y
AL-05,"Brooks, Mo",R,31.35,64.71,Romney,Y
AL-06,"Palmer, Gary",R,26.11,70.79,Romney,Y
AL-07,"Sewell, Terri",D,69.77,28.62,Obama,Y
AR-01,"Crawford, Rick",R,30.18,64.99,Romney,Y
AR-02,"Hill, French",R,41.66,52.38,Romney,Y
AR-03,"Womack, Steve",R,30.49,61.92,Romney,Y
AR-04,"Westerman, Bruce",R,31.33,64.16,Romney,Y
AZ-01,"O'Halleran, Tom",D,46.63,4.7,Romney,Y
AZ-02,"McSally, Martha",R,49.61,44.71,Romney,N
AZ-03,"Grijalva, Raul",D,62.4,32.52,Obama,Y
AZ-04,"Gosar, Paul",R,27.54,67.69,Romney,Y
AZ-05,"Biggs, Andy",R,36.52,57.64,Romney,Y
AZ-06,"Schweikert, David",R,42.44,52.41,Romney,Y
AZ-07,"Gallego, Ruben",D,71.75,22.65,Obama,Y
AZ-08,"Lesko, Debbie",R,36.96,8.1,Romney,Y
AZ-09,"Sinema, Kyrsten",D,54.66,38.44,Obama,N
CA-01,"LaMalfa, Doug",R,36.54,56.17,Romney,Y
CA-02,"Huffman, Jared",D,69.04,23.35,Obama,Y
CA-03,"Garamendi, John",D,52.99,40.39,Obama,Y
CA-04,"McClintock, Tom",R,39.27,54.03,Romney,Y
CA-05,"Thompson, Mike",D,69.15,24.29,Obama,Y
CA-06,"Matsui, Doris",D,69.16,24.41,Obama,Y
CA-07,"Bera, Ami",D,52.3,40.86,Obama,Y
CA-08,"Cook, Paul",R,39.61,54.74,Romney,Y
CA-09,"McNerney, Jerry",D,56.56,37.99,Obama,Y
CA-10,"Denham, Jeff",R,48.54,45.54,Obama,Y
CA-11,"DeSaulnier, Mark",D,71.52,22.67,Obama,Y
CA-12,"Pelosi, Nancy",D,86.19,8.68,Obama,Y
CA-13,"Lee, Barbara",D,87.35,6.81,Obama,Y
CA-14,"Speier, Jackie",D,76.91,18.21,Obama,Y
CA-15,"Swalwell, Eric",D,69.93,24.18,Obama,Y
CA-16,"Costa, Jim",D,57.96,36.37,Obama,Y
CA-17,"Khanna, Ro",D,73.91,20.48,Obama,Y
CA-18,"Eshoo, Anna",D,73.41,20.23,Obama,Y
CA-19,"Lofgren, Zoe",D,72.91,21.49,Obama,Y
CA-20,"Panetta, Jimmy",D,70.35,23.22,Obama,Y
CA-21,"Valadao, David",R,55.24,39.67,Obama,Y
CA-22,"Nunes, Devin",R,42.6,52.09,Romney,Y
CA-23,"McCarthy, Kevin",R,36.07,58.13,Romney,Y
CA-24,"Carbajal, Salud",D,56.69,36.48,Obama,Y
CA-25,"Knight, Steve",R,50.32,43.65,Romney,Y
CA-26,"Brownley, Julia",D,57.86,36.02,Obama,Y
CA-27,"Chu, Judy",D,66,28.35,Obama,Y
CA-28,"Schiff, Adam",D,72.13,22.34,Obama,Y
CA-29,"Cardenas, Tony",D,77.74,16.8,Obama,Y
CA-30,"Sherman, Brad",D,69.07,25.66,Obama,Y
CA-31,"Aguilar, Pete",D,57.67,36.58,Obama,Y
CA-32,"Napolitano, Grace",D,66.56,27.69,Obama,Y
CA-33,"Lieu, Ted",D,67.81,26.48,Obama,Y
CA-34,"Gomez, Jimmy",D,83.56,10.72,Obama,Y
CA-35,"Torres, Norma",D,67.74,26.95,Obama,Y
CA-36,"Ruiz, Raul",D,52.15,43.41,Obama,Y
CA-37,"Bass, Karen",D,85.69,9.64,Obama,Y
CA-38,"Sanchez, Linda",D,66.97,27.41,Obama,Y
CA-39,"Royce, Ed",R,51.47,42.86,Romney,Y
CA-40,"Roybal-Allard, Lucille",D,82.25,12.8,Obama,Y
CA-41,"Takano, Mark",D,60.98,33.11,Obama,Y
CA-42,"Calvert, Ken",R,41.41,53.36,Romney,Y
CA-43,"Waters, Maxine",D,78.37,16.68,Obama,Y
CA-44,"Barragan, Nanette",D,83.04,12.27,Obama,Y
CA-45,"Walters, Mimi",R,49.84,44.39,Romney,Y
CA-46,"Correa, Lou",D,66.26,27.89,Obama,Y
CA-47,"Lowenthal, Alan",D,62.61,31.03,Obama,Y
CA-48,"Rohrabacher, Dana",R,47.91,46.2,Romney,Y
CA-49,"Issa, Darrell",R,50.66,43.18,Romney,Y
CA-50,"Hunter, Duncan",R,39.56,54.57,Romney,Y
CA-51,"Vargas, Juan",D,71.85,22.79,Obama,Y
CA-52,"Peters, Scott",D,58.11,35.55,Obama,Y
CA-53,"Davis, Susan",D,64.51,29.58,Obama,Y
CO-01,"DeGette, Diana",D,69.02,23.23,Obama,Y
CO-02,"Polis, Jared",D,56.2,34.95,Obama,N
CO-03,"Tipton, Scott",R,40.05,51.96,Romney,Y
CO-04,"Buck, Ken",R,34.26,57.42,Romney,Y
CO-05,"Lamborn, Doug",R,33.22,57.17,Romney,Y
CO-06,"Coffman, Mike",R,50.22,41.29,Obama,Y
CO-07,"Perlmutter, Ed",D,51.43,39.42,Obama,Y
CT-01,"Larson, John",D,59.4,36.32,Obama,Y
CT-02,"Courtney, Joe",D,48.66,45.77,Obama,Y
CT-03,"DeLauro, Rosa",D,55.88,40.38,Obama,Y
CT-04,"Himes, Jim",D,59.57,36.56,Obama,Y
CT-05,"Esty, Elizabeth",D,49.93,45.83,Obama,Y
DE-AL,"Blunt Rochester, Lisa",D,53.35,41.92,Obama,Y
FL-01,"Gaetz, Matt",R,28.17,67.51,Romney,Y
FL-02,"Dunn, Neal",R,30.61,66.2,Romney,Y
FL-03,"Yoho, Ted",R,40.2,56.15,Romney,Y
FL-04,"Rutherford, John",R,34.08,62.1,Romney,Y
FL-05,"Lawson, Al",D,61.27,35.85,Obama,Y
FL-06,"DeSantis, Ron",R,39.88,56.86,Romney,N
FL-07,"Murphy, Stephanie",D,51.39,44.1,Obama,Y
FL-08,"Posey, Bill",R,37.67,58.38,Romney,Y
FL-09,"Soto, Darren",D,54.8,41.89,Obama,Y
FL-10,"Demings, Val",D,61.76,34.87,Obama,Y
FL-11,"Webster, Dan",R,32.47,64.78,Romney,Y
FL-12,"Bilirakis, Gus",R,38.85,57.44,Romney,Y
FL-13,"Crist, Charlie",D,49.59,46.39,Obama,Y
FL-14,"Castor, Kathy",D,57.16,38.98,Obama,Y
FL-15,"Ross, Dennis",R,43.11,53.1,Romney,Y
FL-16,"Buchanan, Vern",R,42.95,53.75,Romney,Y
FL-17,"Rooney, Tom",R,35.02,62.22,Romney,N
FL-18,"Mast, Brian",R,44.07,53.28,Romney,Y
FL-19,"Rooney, Francis",R,37.52,59.58,Romney,Y
FL-20,"Hastings, Alcee",D,80.19,18.09,Obama,Y
FL-21,"Frankel, Lois",D,58.65,39.1,Obama,Y
FL-22,"Deutch, Ted",D,56.76,41.02,Obama,Y
FL-23,"Wasserman Schultz, Debbie",D,61.9,35.81,Obama,Y
FL-24,"Wilson, Frederica",D,82.88,15.39,Obama,Y
FL-25,"Diaz-Balart, Mario",R,47.92,49.68,Romney,Y
FL-26,"Curbelo, Carlos",R,56.79,40.52,Obama,Y
FL-27,"Ros-Lehtinen, Ileana",R,58.52,38.92,Obama,N
GA-01,"Carter, Buddy",R,40.88,56.39,Romney,Y
GA-02,"Bishop, Sanford",D,55,43.27,Obama,Y
GA-03,"Ferguson, Drew",R,32.76,64.33,Romney,Y
GA-04,"Johnson, Hank",D,75.3,22.24,Obama,Y
GA-05,"Lewis, John",D,84.97,11.9,Obama,Y
GA-06,"Handel, Karen",R,46.82,48.31,Romney,Y
GA-07,"Woodall, Rob",R,44.75,51.14,Romney,Y
GA-08,"Scott, Austin",R,34.41,63.35,Romney,Y
GA-09,"Collins, Doug",R,19.34,77.79,Romney,Y
GA-10,"Hice, Jodi",R,35.77,61.27,Romney,Y
GA-11,"Loudermilk, Barry",R,35.33,60.32,Romney,Y
GA-12,"Allen, Rick",R,40.7,56.86,Romney,Y
GA-13,"Scott, David",D,71.02,26.61,Obama,Y
GA-14,"Graves, Tom",R,22.09,74.98,Romney,Y
HI-01,"Hanabusa, Colleen",D,63.07,30.54,Obama,N
HI-02,"Gabbard, Tulsi",D,61.41,29.56,Obama,Y
IA-01,"Blum, Rod",R,45.16,48.71,Obama,Y
IA-02,"Loebsack, David",D,44.95,49.05,Obama,Y
IA-03,"Young, David",R,45.02,48.54,Obama,Y
IA-04,"King, Steve",R,33.54,60.87,Romney,Y
ID-01,"Labrador, Raul",R,25.38,63.68,Romney,N
ID-02,"Simpson, Mike",R,29.79,54.45,Romney,Y
IL-01,"Rush, Bobby",D,75.39,21.45,Obama,Y
IL-02,"Kelly, Robin",D,77.97,19.11,Obama,Y
IL-03,"Lipinski, Dan",D,55.23,39.93,Obama,Y
IL-04,"Gutierrez, Luis",D,82.11,13.25,Obama,N
IL-05,"Quigley, Mike",D,70.53,23.94,Obama,Y
IL-06,"Roskam, Peter",R,50.2,43.22,Romney,Y
IL-07,"Davis, Danny",D,87.41,9.21,Obama,Y
IL-08,"Krishnamoorthi, Raja",D,58.12,36.43,Obama,Y
IL-09,"Schakowsky, Jan",D,70.11,24.87,Obama,Y
IL-10,"Schneider, Brad",D,62.04,32.64,Obama,Y
IL-11,"Foster, Bill",D,58.88,35.44,Obama,Y
IL-12,"Bost, Mike",R,40.15,54.99,Obama,Y
IL-13,"Davis, Rodney",R,44.23,49.69,Romney,Y
IL-14,"Hultgren, Randy",R,44.84,48.73,Romney,Y
IL-15,"Shimkus, John",R,24.52,70.72,Romney,Y
IL-16,"Kinzinger, Adam",R,38.32,55.48,Romney,Y
IL-17,"Bustos, Cheri",D,46.67,47.38,Obama,Y
IL-18,"LaHood, Darin",R,33.26,60.65,Romney,Y
IN-01,"Visclosky, Pete",D,54.07,41.51,Obama,Y
IN-02,"Walorski, Jackie",R,36.06,59.27,Romney,Y
IN-03,"Banks, Jim",R,30.12,65.11,Romney,Y
IN-04,"Rokita, Todd",R,30.18,64.29,Romney,N
IN-05,"Brooks, Susan",R,41.28,53.08,Romney,Y
IN-06,"Messer, Luke",R,27.36,67.7,Romney,N
IN-07,"Carson, Andre",D,59.02,36.18,Obama,Y
IN-08,"Bucshon, Larry",R,30.88,64.6,Romney,Y
IN-09,"Hollingsworth, Trey",R,34.16,61.05,Romney,Y
KS-01,"Marshall, Roger",R,24.32,69.29,Romney,Y
KS-02,"Jenkins, Lynn",R,37.41,55.81,Romney,N
KS-03,"Yoder, Kevin",R,47.22,46.00,Romney,Y
KS-04,"Estes, Ron",R,32.98,60.20,Romney,Y
KY-01,"Comer, James",R,23.91,72.4,Romney,Y
KY-02,"Guthrie, Brett",R,27.6,67.53,Romney,Y
KY-03,"Yarmuth, John",D,54.86,39.91,Obama,Y
KY-04,"Massie, Thomas",R,29.26,65.18,Romney,Y
KY-05,"Rogers, Hal",R,17.47,79.59,Romney,Y
KY-06,"Barr, Andy",R,39.42,54.7,Romney,Y
LA-01,"Scalise, Steve",R,26.70,68.7,Romney,Y
LA-02,"Richmond, Cedric",D,74.61,22.24,Obama,Y
LA-03,"Higgins, Clay",R,29.22,67.35,Romney,Y
LA-04,"Johnson, Mike",R,36.61,60.6,Romney,Y
LA-05,"Abraham, Ralph",R,34.09,63.47,Romney,Y
LA-06,"Graves, Garret",R,31.01,64.81,Romney,Y
MA-01,"Neal, Richard",D,57.18,36.53,Obama,Y
MA-02,"McGovern, Jim",D,56.2,36.83,Obama,Y
MA-03,"Tsongas, Niki",D,58.23,35.39,Obama,N
MA-04,"Kennedy, Joe",D,59.19,35.02,Obama,Y
MA-05,"Clark, Katherine",D,69.32,25.68,Obama,Y
MA-06,"Moulton, Seth",D,56.07,38.21,Obama,Y
MA-07,"Capuano, Mike",D,84.14,11.93,Obama,Y
MA-08,"Lynch, Stephen",D,60.42,34.37,Obama,Y
MA-09,"Keating, Bill",D,52.54,41.82,Obama,Y
MD-01,"Harris, Andy",R,33.4,61.97,Romney,Y
MD-02,"Ruppersberger, Dutch",D,60.06,35.68,Obama,Y
MD-03,"Sarbanes, John",D,62.77,32.26,Obama,Y
MD-04,"Brown, Anthony",D,77.19,19.71,Obama,Y
MD-05,"Hoyer, Steny",D,64.11,32.13,Obama,Y
MD-06,"Delaney, John",D,55.26,40.25,Obama,N
MD-07,"Cummings, Elijah",D,75.77,20.21,Obama,Y
MD-08,"Raskin, Jamie",D,64.99,30.57,Obama,Y
ME-01,"Pingree, Chellie",D,54.09,39.26,Obama,Y
ME-02,"Poliquin, Bruce",R,41.14,51.42,Obama,Y
MI-01,"Bergman, Jack",R,36.59,57.9,Romney,Y
MI-02,"Huizenga, Bill",R,38.23,55.76,Romney,Y
MI-03,"Amash, Justin",R,42.16,51.6,Romney,Y
MI-04,"Moolenaar, John",R,34.67,59.5,Romney,Y
MI-05,"Kildee, Dan",D,49.75,45.48,Obama,Y
MI-06,"Upton, Fred",R,42.86,51.3,Romney,Y
MI-07,"Walberg, Tim",R,38.66,55.72,Romney,Y
MI-08,"Bishop, Mike",R,43.85,50.64,Romney,Y
MI-09,"Levin, Sander",D,51.46,43.74,Obama,Y
MI-10,"Mitchell, Paul",R,31.60,63.77,Romney,Y
MI-11,"Trott, Dave",R,45.31,49.69,Romney,N
MI-12,"Dingell, Debbie",D,60.83,34.49,Obama,Y
MI-13,"Conyers, John",D,78.81,18.13,Obama,Y
MI-14,"Lawrence, Brenda",D,79.18,18.25,Obama,Y
MN-01,"Walz, Tim",D,38.39,53.3,Obama,N
MN-02,"Lewis, Jason",R,45.31,46.55,Obama,Y
MN-03,"Paulsen, Erik",R,50.84,41.37,Obama,Y
MN-04,"McCollum, Betty",D,61.54,30.57,Obama,Y
MN-05,"Ellison, Keith",D,73.72,18.48,Obama,Y
MN-06,"Emmer, Tom",R,33.25,58.92,Romney,Y
MN-07,"Peterson, Collin",D,31.03,61.78,Romney,Y
MN-08,"Nolan, Rick",D,38.59,54.2,Obama,N
MO-01,"Clay, Lacy",D,77,18.82,Obama,Y
MO-02,"Wagner, Ann",R,42.29,52.57,Romney,Y
MO-03,"Luetkemeyer, Blaine",R,28.08,67.09,Romney,Y
MO-04,"Hartzler, Vicki",R,29.34,65.29,Romney,Y
MO-05,"Cleaver, Emanuel",D,54.07,40.59,Obama,Y
MO-06,"Graves, Sam",R,31.65,63.1,Romney,Y
MO-07,"Long, Billy",R,24.68,70.36,Romney,Y
MO-08,"Smith, Jason",R,21.04,75.43,Romney,Y
MS-01,"Kelly, Trent",R,32.44,65.4,Romney,Y
MS-02,"Thompson, Bennie",D,63.55,35.13,Obama,Y
MS-03,"Harper, Gregg",R,36.78,61.3,Romney,N
MS-04,"Palazzo, Steven",R,28.24,69.38,Romney,Y
MT-AL,"Gianforte, Greg",R,35.94,56.47,Romney,Y
NC-01,"Butterfield, G.K.",D,67.55,30.48,Obama,Y
NC-02,"Holding, George",R,43.59,53.24,Romney,Y
NC-03,"Jones, Walter",R,36.87,60.55,Romney,Y
NC-04,"Price, David",D,68.24,28.21,Obama,Y
NC-05,"Foxx, Virginia",R,39.77,57.35,Romney,Y
NC-06,"Walker, Mark",R,41.44,56.12,Romney,Y
NC-07,"Rouzer, David",R,39.9,57.6,Romney,Y
NC-08,"Hudson, Richard",R,41.13,56.12,Romney,Y
NC-09,"Pittenger, Robert",R,42.77,54.37,Romney,N
NC-10,"McHenry, Patrick",R,36.39,61.05,Romney,Y
NC-11,"Meadows, Mark",R,34.01,63.18,Romney,Y
NC-12,"Adams, Alma",D,68.4,28.39,Obama,Y
NC-13,"Budd, Ted",R,43.98,53.37,Romney,Y
ND-AL,"Cramer, Kevin",R,27.74,64.15,Romney,N
NE-01,"Fortenberry, Jeff",R,36.24,57.46,Romney,Y
NE-02,"Bacon, Don",R,45.97,48.21,Romney,Y
NE-03,"Smith, Adrian",R,19.99,74.86,Romney,Y
NH-01,"Shea-Porter, Carol",D,46.6,48.19,Obama,N
NH-02,"Kuster, Annie",D,48.62,46.22,Obama,Y
NJ-01,"Norcross, Donald",D,60.57,36.11,Obama,Y
NJ-02,"LoBiondo, Frank",R,46,50.62,Obama,N
NJ-03,"MacArthur, Tom",R,45.2,51.39,Obama,Y
NJ-04,"Smith, Chris",R,41,55.77,Romney,Y
NJ-05,"Gottheimer, Josh",D,47.72,48.84,Romney,Y
NJ-06,"Pallone, Frank",D,56.23,40.63,Obama,Y
NJ-07,"Lance, Leonard",R,48.58,47.47,Romney,Y
NJ-08,"Sires, Albio",D,75.67,21.48,Obama,Y
NJ-09,"Pascrell, Bill",D,64.3,33.13,Obama,Y
NJ-10,"Payne, Donald",D,85.21,12.8,Obama,Y
NJ-11,"Frelinghuysen, Rodney",R,47.91,48.79,Romney,N
NJ-12,"Watson Coleman, Bonnie",D,65.02,31.78,Obama,Y
NM-01,"Lujan Grisham, Michelle",D,51.64,35.11,Obama,N
NM-02,"Pearce, Steve",R,39.88,50.07,Romney,N
NM-03,"Lujan, Ben",D,51.83,36.67,Obama,Y
NV-01,"Titus, Dina",D,61.63,32.63,Obama,Y
NV-02,"Amodei, Mark",R,39.67,52.03,Romney,Y
NV-03,"Rosen, Jacky",D,46.55,47.55,Obama,N
NV-04,"Kihuen, Ruben",D,49.5,44.55,Obama,N
NY-01,"Zeldin, Lee",R,42.18,54.46,Obama,Y
NY-02,"King, Peter",R,43.95,52.96,Obama,Y
NY-03,"Suozzi, Tom",D,51.64,45.45,Obama,Y
NY-04,"Rice, Kathleen",D,53.4,43.78,Obama,Y
NY-05,"Meeks, Gregory",D,85.71,12.68,Obama,Y
NY-06,"Meng, Grace",D,65.11,32.08,Obama,Y
NY-07,"Velazquez, Nydia",D,86.89,10.37,Obama,Y
NY-08,"Jeffries, Hakeem",D,84.61,13.48,Obama,Y
NY-09,"Clarke, Yvette",D,83.46,14.42,Obama,Y
NY-10,"Nadler, Jerrold",D,78.3,18.77,Obama,Y
NY-11,"Donovan, Dan",R,43.79,53.62,Obama,Y
NY-12,"Maloney, Carolyn",D,83.28,13.48,Obama,Y
NY-13,"Espaillat, Adriano",D,92.29,5.44,Obama,Y
NY-14,"Crowley, Joe",D,77.68,19.78,Obama,Y
NY-15,"Serrano, Jose",D,93.77,4.9,Obama,Y
NY-16,"Engel, Eliot",D,75.11,22.46,Obama,Y
NY-17,"Lowey, Nita",D,58.59,38.44,Obama,Y
NY-18,"Maloney, Sean",D,47.09,49,Obama,Y
NY-19,"Faso, John",R,43.99,50.79,Obama,Y
NY-20,"Tonko, Paul",D,53.95,40.47,Obama,Y
NY-21,"Stefanik, Elise",R,39.99,53.85,Obama,Y
NY-22,"Tenney, Claudia",R,39.32,54.81,Romney,Y
NY-23,"Reed, Tom",R,39.66,54.53,Romney,Y
NY-24,"Katko, John",R,48.94,45.29,Obama,Y
NY-25,"Slaughter, Louise",D,55.52,39.14,Obama,N
NY-26,"Higgins, Brian",D,57.59,37.96,Obama,Y
NY-27,"Collins, Chris",R,35.21,59.66,Romney,Y
OH-01,"Chabot, Steve",R,44.56,51.21,Romney,Y
OH-02,"Wenstrup, Brad",R,39.67,55.76,Romney,Y
OH-03,"Beatty, Joyce",D,66.99,28.59,Obama,Y
OH-04,"Jordan, Jim",R,30.69,64.29,Romney,Y
OH-05,"Latta, Bob",R,34.59,59.69,Romney,Y
OH-06,"Johnson, Bill",R,26.72,69.31,Romney,Y
OH-07,"Gibbs, Bob",R,32.83,62.49,Romney,Y
OH-08,"Davidson, Warren",R,30.61,65.12,Romney,Y
OH-09,"Kaptur, Marcy",D,58.72,36.53,Obama,Y
OH-10,"Turner, Michael",R,44.04,51.32,Romney,Y
OH-11,"Fudge, Marcia",D,80.51,17.02,Obama,Y
OH-12,"Balderson, Troy",R,41.89,53.16,Romney,Y
OH-13,"Ryan, Tim",D,51.13,44.64,Obama,Y
OH-14,"Joyce, David",R,42.14,53.59,Romney,Y
OH-15,"Stivers, Steve",R,39.86,55.34,Romney,Y
OH-16,"Renacci, Jim",R,39.49,56.15,Romney,N
OK-01,"Bridenstine, Jim",R,32.67,61.43,Romney,N
OK-02,"Mullin, Markwayne",R,22.82,72.89,Romney,Y
OK-03,"Lucas, Frank",R,20.85,73.64,Romney,Y
OK-04,"Cole, Tom",R,28.31,65.71,Romney,Y
OK-05,"Russell, Steve",R,39.81,53.21,Romney,Y
OR-01,"Bonamici, Suzanne",D,57.34,34.54,Obama,Y
OR-02,"Walden, Greg",R,36.44,56.53,Romney,Y
OR-03,"Blumenauer, Earl",D,70.73,22.46,Obama,Y
OR-04,"DeFazio, Peter",D,46.14,46,Obama,Y
OR-05,"Schrader, Kurt",D,48.33,44.08,Obama,Y
PA-01,"Brady, Bob",D,49.1,47.12,Obama,N
PA-02,"Evans, Dwight",D,72.93,24.88,Obama,Y
PA-03,"Kelly, Mike",R,90.91,7.02,Romney,Y
PA-04,"Perry, Scott",R,57.84,38.48,Romney,Y
PA-05,"Thompson, Glenn",R,62.61,34.39,Romney,Y
PA-06,"Costello, Ryan",R,52.59,43.3,Romney,N
PA-07,"Meehan, Pat",R,48.66,47.58,Romney,N
PA-08,"Fitzpatrick, Brian",R,43.72,53.26,Romney,Y
PA-09,"Schuster, Bill",R,31.01,65.04,Romney,N
PA-10,"Marino, Tom",R,43.37,52.31,Romney,Y
PA-11,"Barletta, Lou",R,34.66,60.55,Romney,N
PA-12,"Rothfus, Keith",R,29.75,66.09,Romney,Y
PA-13,"Boyle, Brendan",D,25.47,71.18,Obama,Y
PA-14,"Doyle, Michael",D,33.9,62.92,Obama,Y
PA-15,"Dent, Charlie",R,26.54,69.81,Romney,N
PA-16,"Smucker, Lloyd",R,37.94,57.93,Romney,Y
PA-17,"Cartwright, Matt",D,46.84,49.39,Obama,Y
PA-18,"Lamb, Conor",D,62.14,34.56,Romney,Y
RI-01,"Cicilline, David",D,60.47,34.94,Obama,Y
RI-02,"Langevin, Jim",D,51.07,44.02,Obama,Y
SC-01,"Sanford, Mark",R,40.44,53.47,Romney,N
SC-02,"Wilson, Joe",R,38.57,56.29,Romney,Y
SC-03,"Duncan, Jeff",R,29.02,67.01,Romney,Y
SC-04,"Gowdy, Trey",R,34.46,60.19,Romney,Y
SC-05,"Norman, Ralph",R,38.8,57.28,Romney,Y
SC-06,"Clyburn, Jim",D,66.76,30.26,Obama,Y
SC-07,"Rice, Tom",R,39.11,58.02,Romney,Y
SD-AL,"Noem, Kristi",R,31.74,61.53,Romney,N
TN-01,"Roe, Phil",R,19.68,76.71,Romney,Y
TN-02,"Duncan, John",R,29.71,65.11,Romney,N
TN-03,"Fleischmann, Chuck",R,30.21,65.45,Romney,Y
TN-04,"DesJarlais, Scott",R,27.42,68.56,Romney,Y
TN-05,"Cooper, Jim",D,56.55,38.19,Obama,Y
TN-06,"Black, Diane",R,23.68,72.65,Romney,N
TN-07,"Blackburn, Marsha",R,28.23,67.52,Romney,N
TN-08,"Kustoff, David",R,30.68,66.3,Romney,Y
TN-09,"Cohen, Steve",D,77.53,19.77,Obama,Y
TX-01,"Gohmert, Louie",R,25.29,72.23,Romney,Y
TX-02,"Poe, Ted",R,43.06,52.37,Romney,Y
TX-03,"Johnson, Sam",R,40.62,54.8,Romney,N
TX-04,"Ratcliffe, John",R,21.79,75.43,Romney,Y
TX-05,"Hensarling, Jeb",R,34.27,62.66,Romney,N
TX-06,"Barton, Joe",R,41.94,54.19,Romney,N
TX-07,"Culberson, John",R,48.47,47.1,Romney,Y
TX-08,"Brady, Kevin",R,23.9,72.72,Romney,Y
TX-09,"Green, Al",D,79.33,18.03,Obama,Y
TX-10,"McCaul, Michael",R,43.15,52.33,Romney,Y
TX-11,"Conaway, Michael",R,19.07,77.8,Romney,Y
TX-12,"Granger, Kay",R,32.74,62.94,Romney,Y
TX-13,"Thornberry, Mac",R,16.85,79.9,Romney,Y
TX-14,"Weber, Randy",R,38.43,58.16,Romney,Y
TX-15,"Gonzalez, Vicente",D,56.66,39.97,Obama,Y
TX-16,"O'Rourke, Beto",D,67.87,27.16,Obama,N
TX-17,"Flores, Bill",R,38.83,56.3,Romney,Y
TX-18,"Jackson-Lee, Sheila",D,76.45,19.96,Obama,Y
TX-19,"Arrington, Jodey",R,23.47,72.53,Romney,Y
TX-20,"Castro, Joaquin",D,61.01,34.29,Obama,Y
TX-21,"Smith, Lamar",R,42.49,52.46,Romney,N
TX-22,"Olson, Pete",R,44.18,52.06,Romney,Y
TX-23,"Hurd, Will",R,49.77,46.37,Romney,Y
TX-24,"Marchant, Kenny",R,44.5,50.75,Romney,Y
TX-25,"Williams, Roger",R,40.23,55.08,Romney,Y
TX-26,"Burgess, Michael",R,34.35,60.85,Romney,Y
TX-27,"Cloud, Michael",R,36.52,60.07,Romney,Y
TX-28,"Cuellar, Henry",D,58.34,38.45,Romney,Y
TX-29,"Green, Gene",D,71.11,25.45,Obama,N
TX-30,"Johnson, E.B.",D,79.08,18.27,Obama,Y
TX-31,"Carter, John",R,40.76,53.5,Romney,Y
TX-32,"Sessions, Pete",R,48.51,46.64,Romney,Y
TX-33,"Veasey, Marc",D,72.9,23.75,Obama,Y
TX-34,"Vela, Filemon",D,59.19,37.66,Obama,Y
TX-35,"Doggett, Lloyd",D,64.08,30.48,Obama,Y
TX-36,"Babin, Brian",R,25.24,71.99,Romney,Y
UT-01,"Bishop, Rob",R,22.37,49.74,Romney,Y
UT-02,"Stewart, Chris",R,31.97,46.01,Romney,Y
UT-03,"Curtis, John",R,23.27,47.18,Romney,Y
UT-04,"Love, Mia",R,32.38,39.1,Romney,Y
VA-01,"Wittman, Rob",R,41.22,53.63,Romney,Y
VA-02,"Taylor, Scott",R,45.4,48.8,Romney,Y
VA-03,"Scott, Bobby",D,63.62,31.87,Obama,Y
VA-04,"McEachin, Donald",D,58.66,37.15,Obama,Y
VA-05,"Garrett, Tom",R,42.33,53.42,Romney,N
VA-06,"Goodlatte, Bob",R,34.9,59.71,Romney,N
VA-07,"Brat, Dave",R,44,50.5,Romney,Y
VA-08,"Beyer, Don",D,73.51,20.89,Obama,Y
VA-09,"Griffith, Morgan",R,27.3,68.77,Romney,Y
VA-10,"Comstock, Barbara",R,52.17,42.24,Romney,Y
VA-11,"Connolly, Gerry",D,66.93,27.51,Obama,Y
VT-AL,"Welch, Peter",D,55.72,29.76,Obama,Y
WA-01,"DelBene, Suzan",D,54.13,37.85,Obama,Y
WA-02,"Larsen, Rick",D,56.92,34.82,Obama,Y
WA-03,"Herrera Beutler, Jaime",R,42.52,49.93,Romney,Y
WA-04,"Newhouse, Dan",R,35.06,57.92,Romney,Y
WA-05,"McMorris Rodgers, Cathy",R,39.14,52.17,Romney,Y
WA-06,"Kilmer, Derek",D,51.83,39.48,Obama,Y
WA-07,"Jayapal, Pramila",D,82.13,12.18,Obama,Y
WA-08,"Reichert, David",R,47.72,44.67,Obama,N
WA-09,"Smith, Adam",D,70.47,23.34,Obama,Y
WA-10,"Heck, Denny",D,51.25,39.9,Obama,Y
WI-01,"Ryan, Paul",R,42.26,52.64,Romney,N
WI-02,"Pocan, Mark",D,65.77,28.97,Obama,Y
WI-03,"Kind, Ron",D,44.78,49.28,Obama,Y
WI-04,"Moore, Gwen",D,73.96,21.81,Obama,Y
WI-05,"Sensenbrenner, Jim",R,37.29,57.44,Romney,Y
WI-06,"Grothman, Glenn",R,38.83,55.67,Romney,Y
WI-07,"Duffy, Sean",R,37.28,57.72,Romney,Y
WI-08,"Gallagher, Mike",R,38.61,56.18,Romney,Y
WV-01,"McKinley, David",R,26.4,68.04,Romney,Y
WV-02,"Mooney, Alex",R,29.36,65.8,Romney,Y
WV-03,"Jenkins, Evan",R,23.26,72.53,Romney,N
WY-AL,"Cheney, Liz",R,22.48,70.06,Romney,Y